Country,Identified,Known PhD,Unknown,Foreign,"Foreign, known (%)",Full-frame range (%)
Uruguay,38,36,2,32,88.9,84.2-89.5
Chile,202,195,7,181,92.8,89.6-93.1
Czechia,65,61,4,18,29.5,27.7-33.8
Argentina,215,208,7,192,92.3,89.3-92.6
Colombia,152,136,16,130,95.6,85.5-96.1
Turkey,166,163,3,157,96.3,94.6-96.4
South Africa,111,102,9,48,47.1,43.2-51.4
Poland,64,63,1,35,55.6,54.7-56.2
Brazil,281,274,7,180,65.7,64.1-66.5
Mexico,84,77,7,72,93.5,85.7-94.0
India,518,498,20,414,83.1,79.9-83.8
Malaysia,8,8,0,6,75.0,75.0-75.0
Thailand,12,11,1,10,90.9,83.3-91.7
Egypt,16,16,0,15,93.8,93.8-93.8
Indonesia,29,29,0,26,89.7,89.7-89.7
