case_id,stratum,row_id,linked,linked_label,n_candidates,population,weight,fable,fable_reason,astra,astra_reason,fable_rejects,astra_rejects,both_reject
A001,"classifier proposal, both reviewers accepted",77,5270.0,C01,15,344,11.466666666666669,C01,"Graaff-Reinet 1825 head 'Botha, Theunis Johannes' with wife Bronkhorst, Geertruida Maria matches the genealogy wife Geertruy Maria Bronkhorst (married 1822); C07 shares the name but has wife Theron, Anna Catharina.",C01,"Theunis Johannes Botha matches exactly, and Geertruida Maria Bronkhorst is a spelling variant of the wife married in 1822. This spouse match outweighs the approximate district difference and distinguishes C01 from C07.",False,False,False
A002,"classifier proposal, both reviewers accepted",78,2420.0,C05,15,344,11.466666666666669,C05,"Cradock 1823 head 'Botha, Willem' with wife Pietersen, Anna Christina Magdalena matches the 1817 wife exactly and the Somerset/Cradock district; the other Willem Bothas have different wives.",C05,"Willem Botha and his wife Anna Christina Magdalena Pietersen match the genealogy, allowing the Pieterse/Pietersen variation. Cradock in 1823 is consistent with the declared Somerset district.",False,False,False
A003,"classifier proposal, both reviewers accepted",749,5079.0,C02,15,344,11.466666666666669,C02,"Graaff-Reinet 1825 head Hercules Albertus Pretorius with wife Schombe, Anna Elisabeth matches the 1822 marriage to Anna Elisabeth Schoombee and the declared district.",C02,"Hercules Albertus matches exactly in the declared district. Anna Elisabeth Schombe is a plausible spelling variant of Schoombee, whom he married in 1822.",False,False,False
A004,"classifier proposal, both reviewers accepted",461,1853.0,C15,15,344,11.466666666666669,C15,"Cradock 1823 (Somerset) head Gert Jacobus Jordaan with wife van Heerden, Aletta Dorothea Elizabeth matches the 1818 wife van Heeren, Aletta Elizabeth Dorothea allowing spelling and name-order variation.",C15,"Gert Jacobus matches Gerrit Jacobus, and Aletta Dorothea Elizabeth van Heerden closely matches his wife with reordered given names and a surname spelling variation. Cradock in 1823 is consistent with the declared Somerset district.",False,False,False
A005,"classifier proposal, both reviewers accepted",104,2259.0,C06,6,344,11.466666666666669,C06,"C06 Abraham Carel Bothma, Cradock 1823, with wife Bothma Geertruida Maria matches the genealogy wife Geertruida Maria Barbara Botma married 1822 and the Cradock/Somerset district.",C06,"Abraham Carel Bothma matches exactly, and Geertruida Maria Bothma matches his 1822 wife with Barbara omitted and a minor surname variation. The Cradock return is consistent with Somerset in 1823.",False,False,False
A006,"classifier proposal, both reviewers accepted",270,1964.0,C01,17,344,11.466666666666669,C01,"Cradock 1823 head 'du Plesies, Jan Harmse' with wife Potgieter, Petronella Margaretha exactly matches the wife married 1810; Cradock was Somerset in 1823.",C01,"Jan Harmse du Plesies is compatible with the genealogy's longer name, and Petronella Margaretha Potgieter matches his wife married in 1810 exactly. Cradock in 1823 also fits Somerset.",False,False,False
A007,"classifier proposal, both reviewers accepted",774,2231.0,C07,15,344,11.466666666666669,C07,"Cradock 1823 (Somerset) head Hendrik Fredrik Prinsloo, Willem's zoon, with wife Geere, Maria Gesina matches the genealogy wife married 1809.",C07,"Hendrik Fredrik is a spelling variant of Hendrik Frederik, and Maria Gesina Geere matches the wife married in 1809. Cradock in 1823 is consistent with the declared Somerset district.",False,False,False
A008,"classifier proposal, both reviewers accepted",422,9746.0,C01,1,344,11.466666666666669,C01,"Uitenhage 1825 'Holtzhousen, Hillegerd' with wife 'Potgieter, Johanna Elizabeth' matches name, district and the wife married in 1822; the spelling differences are trivial.",C01,"Hillegerd Holtzhousen is a spelling variant of Hillegert Holtzhausen, and the Uitenhage district agrees. Johanna Elizabeth Potgieter matches his wife exactly, with their marriage preceding the census.",False,False,False
A009,"classifier proposal, both reviewers accepted",217,9263.0,C04,15,344,11.466666666666669,C04,"Uitenhage 1825 head Andris Petrus De Jager with wife Brits, Cornelia Geertruyda exactly matches the genealogy wife married 1817 and the declared district.",C04,"Andris Petrus is a spelling variant of Andries Petrus, and the Uitenhage district matches. Cornelia Geertruyda Brits also matches his wife, whom he married in 1817.",False,False,False
A010,"classifier proposal, both reviewers accepted",655,4640.0,C13,15,344,11.466666666666669,C13,"Graaff-Reinet 1825 'Niemand, Isaac Johannes' with wife Strydom, Catharina Geertruida matches the genealogy wife married 1811; Colesberg was then part of Graaff-Reinet. C04 shares the name but names no wife.",C13,"Isaac Johannes matches Izak Johannes, and Catharina Geertruida Strydom matches Catharina G. Strydom, married in 1811. The matching wife distinguishes C13 from C04, and Graaff-Reinet is consistent with Colesberg.",False,False,False
A011,"classifier proposal, both reviewers accepted",847,9697.0,C03,15,344,11.466666666666669,C03,"Uitenhage 1825 head Johannes Marthinus Scheepers with wife Landman, Magdalena exactly matches the genealogy wife married 1798 and the declared district.",C03,"Johannes Marthinus matches Jan (Johannes) Marthinus, and both the Uitenhage district and wife Magdalena Landman match.",False,False,False
A012,"classifier proposal, both reviewers accepted",920,745.0,C05,15,344,11.466666666666669,C05,"Beaufort 1825 'Steyn, Johannes' with wife 'Oosthuizen, Magtel' matches the genealogy wife Machteld Susara Oosthuizen married 1822 and the declared district.",C05,"Johannes Steyn matches the name and Beaufort district, and Magtel Oosthuizen is a plausible shortened spelling of Machteld Susara Oosthuizen. Their 1822 marriage predates the census, when he was about 23.",False,False,False
A013,"classifier proposal, both reviewers accepted",17,554.0,C03,15,344,11.466666666666669,C03,"Beaufort 1825 head Willem Hendrik Barnard with wife Terblans, Susanna matches the genealogy wife Susanna Terblanche (married 1811) and the declared district.",C03,"The man's full name and Beaufort district match exactly. Susanna Terblans is a plausible spelling variant of Susanna Terblanche, married in 1811.",False,False,False
A014,"classifier proposal, both reviewers accepted",396,5052.0,C02,4,344,11.466666666666669,C02,"Graaff-Reinet 1825 head Hermanus Gerhardus Grove with wife Rossouw, Susanna Marg. matches the genealogy wife Susanna Margaretha Rossouw married 1815 and the declared district.",C02,"The full name, Graaff-Reinet district and wife Susanna Margaretha Rossouw all match. His 1794 birth and 1815 marriage fit the 1825 return.",False,False,False
A015,"classifier proposal, both reviewers accepted",271,1975.0,C14,15,344,11.466666666666669,C14,"C14 Laurens Stephanus du Plessies, Cradock 1823, with wife du Plessies Catharina Levina exactly matches the genealogy wife married 1813 and the 1823 Cradock/Somerset district.",C14,"Laurens Stephanus du Plessies is a spelling variant of Lourens Stephanus du Plessis, and Catharina Levina du Plessies matches his wife married in 1813. Cradock in 1823 also fits the declared Somerset district.",False,False,False
A016,"classifier proposal, both reviewers accepted",928,4509.0,C11,15,344,11.466666666666669,C11,"Graaff-Reinet 1825 head 'Straus, David Jacobus' with wife Liebenberg, Elisabeth Louisa exactly matches the genealogy name, district and wife married in 1802.",C11,"David Jacobus Straus matches the man's name and Graaff-Reinet district, and Elisabeth Louisa Liebenberg exactly matches his wife married in 1802.",False,False,False
A017,"classifier proposal, both reviewers accepted",868,9530.0,C01,2,344,11.466666666666669,C01,"Uitenhage 1825 head 'Sevensterren, Wessel Laurens' with wife Botha, Anna Cornelia matches the leading given names, district and the wife married in 1809; the only other candidate is a female head.",C01,"Wessel Laurens Sevensterren matches through surname and given-name spelling variation and omitted middle names. The Uitenhage district and wife Anna Cornelia Botha, married in 1809, strongly corroborate the identification.",False,False,False
A018,"classifier proposal, both reviewers accepted",944,4149.0,C04,15,344,11.466666666666669,C04,"Graaff-Reinet 1825 head Hendrik Barend Josephus Strydom is a reordering of Barend Hendrik Josephus, and his wife Van Wyk, Geertruy matches Zacharia Geertruida van Wyk married 1818; Somerset bordered Graaff-Reinet and no other candidate carries these names.",C04,"Hendrik Barend Josephus contains the same given names in a different order. Geertruy Van Wyk is consistent with an abbreviated spelling variant of his wife Zacharia Geertuida Van Wyk, married in 1818, outweighing the district difference.",False,False,False
A019,"classifier proposal, both reviewers accepted",127,9675.0,C01,3,344,11.466666666666669,C01,"Uitenhage 1825 head 'Breedenbach, Johan Jacob' (spelling variant of Breytenbach) has wife Oosthuysen, Hester Susanna, matching the genealogy wife married 1823 in the declared district.",C01,"Johan Jacob Breedenbach matches Johannes Jacob Breytenbach through normal name variants, in the same district. Hester Susanna Oosthuysen matches the wife married in 1823.",False,False,False
A020,"classifier proposal, both reviewers accepted",154,4979.0,C03,15,344,11.466666666666669,C03,"Graaff-Reinet 1825 head Charel Arnoldus Cilliers with wife Viljoen, Anna Francina exactly matches the genealogy wife married 1823; Colesberg was part of Graaff-Reinet and the man (b. 1801) would be 24.",C03,"Charel Arnoldus matches Charl Arnoldus, and Anna Francina Viljoen matches his wife married in 1823. Graaff-Reinet is consistent with the declared Colesberg district.",False,False,False
A021,"classifier proposal, both reviewers accepted",168,2005.0,C03,15,344,11.466666666666669,C03,"Cradock 1823 (Somerset) head Hendrik Coetzer with wife de Bruin, Jacoba Johanna matches the wife married 1822 exactly.",C03,"Hendrik Coetzer matches exactly, and Jacoba Johanna de Bruin matches his wife through the Bruin/Bruyn spelling variation after their 1822 marriage. Cradock in 1823 also fits the declared Somerset district.",False,False,False
A022,"classifier proposal, both reviewers accepted",680,2167.0,C04,14,344,11.466666666666669,C04,"C04 Opperman Godlieb Rudolph in Cradock 1823 has wife Greyling Anna Maria Elizabeth, matching Anna Maria Elisabeth Greyling married 1820; C05 shares the name but has a different wife (Pienaar).",C04,"The full name and wife Anna Maria Elizabeth Greyling match, with the marriage preceding the census. Cradock also fits the declared Somerset district in 1823.",False,False,False
A023,"classifier proposal, both reviewers accepted",827,9588.0,C12,15,344,11.466666666666669,C12,"Uitenhage 1825 'Roos, Paul Stephanus' with wife Swanepoel, Hester Maria is an exact name and wife match; the Uitenhage/Somerset district difference is minor against this corroboration.",C12,"Paul Stephanus matches Paulus Stephanus, and the wife is exactly Hester Maria Swanepoel. These matches outweigh the difference between Uitenhage and the declared Somerset district.",False,False,False
A024,"classifier proposal, both reviewers accepted",959,4456.0,C09,15,344,11.466666666666669,C09,"Graaff-Reinet 1825 head 'Theron, Thomas Francois' with wife v. d. Merwe, Martha Magdalena matches the genealogy wife (married 1819) in the declared district; born 1797 he would be 28.",C09,"Thomas Francois Theron matches exactly in Graaff-Reinet, and Martha Magdalena van der Merwe matches the wife married in 1819. His birth year makes him about 28 in 1825.",False,False,False
A025,"classifier proposal, both reviewers accepted",852,9156.0,C06,15,344,11.466666666666669,C06,"Uitenhage 1825 head Gerhardus Stephanus Scheepers with wife Scheepers, Anna Susanna matches the genealogy wife married 1821; the other Gerhardus Stephanus heads have different wives.",C06,"The full name, Uitenhage district, and wife Anna Susanna Scheepers all match. The matching wife distinguishes him from the other Gerhardus Stephanus candidates.",False,False,False
A026,"classifier proposal, both reviewers accepted",477,7348.0,C04,15,344,11.466666666666669,C04,"Swellendam 1825 head Willem Francois Joubert with wife Van Eeden, Dorothea Regiena matches the wife married 1823; C10 Willem Francois has a Marais wife, and the district mismatch is outweighed by the exact wife.",C04,"Willem Francois Joubert and Dorothea Regiena Van Eeden match the genealogy couple, whose marriage preceded the census. This strong spouse match outweighs the district difference and distinguishes him from the Willem Francois married to Anna Susanna Marais.",False,False,False
A027,"classifier proposal, both reviewers accepted",616,9211.0,C05,15,344,11.466666666666669,C05,"Uitenhage 1825 head Jacobus Philippus Moolman with wife Odendal, Judith Margaretha exactly matches the genealogy wife married 1803; the district difference is within normal variation given the exact wife match.",C05,"Jacobus Philippus Moolman and his wife Judith Margaretha Odendal match the genealogical couple, allowing ordinary spelling variation. The wife married in 1803 provides strong corroboration that outweighs the district difference.",False,False,False
A028,"classifier proposal, both reviewers accepted",118,4212.0,C05,7,344,11.466666666666669,C05,"Graaff-Reinet 1825 Petrus Breed with wife Fourie, Susanna Maria matches the 1815 marriage, and Colesberg fell within Graaff-Reinet. C06 (Cradock 1823, surname queried) is probably the same man two years earlier, but C05 is the unambiguous record in the right district.",C05,"Petrus Breed and Susanna Maria Fourie match exactly, with their marriage preceding the census. Graaff-Reinet's inclusion of Colesberg favours C05 over the otherwise matching Cradock candidate C06.",False,False,False
A029,"classifier proposal, both reviewers accepted",950,4341.0,C07,15,344,11.466666666666669,C07,"Graaff-Reinet 1825 head 'Swanepoel, Jacobus' with wife v. Tonder, Johanna Catharina matches the genealogy wife Johanna Catharina van Tonder (married 1807) in the declared district.",C07,"Jacobus Swanepoel matches the name and district, and Johanna Catharina van Tonder matches the wife married in 1807. He would have been about 39 in 1825.",False,False,False
A030,"classifier proposal, both reviewers accepted",3,7849.0,C07,10,344,11.466666666666669,C07,"Swellendam 1825 head Johannes Alberts Jr. with wife Legrange, Anna Helena matches the genealogy wife Anna Helena La Grange married 1806.",C07,"Johannes Alberts and the Swellendam district match. Anna Helena Legrange matches Anna Helena La Grange, his wife since 1806.",False,False,False
A031,"classifier proposal, decided by the authors",685,1888.0,C07,9,68,2.72,C07,"Cradock 1823 head Carel Johannes Pelzer with wife Beukes, Magdalena Adriana matches the 1822 marriage exactly; C03 of the same name has a different wife and is marked de Oude (the father).",C07,"Both Carel Johannes and his wife Magdalena Adriana Beukes match exactly in Cradock, after their 1822 marriage. C03 names a different wife.",False,False,False
A032,"classifier proposal, decided by the authors",6,5130.0,C08,9,68,2.72,C08,"Graaff-Reinet 1825 head 'Aucamp, Johannes Dirk' (Dirk = Diederik) with wife Naude, Geertruida Maria matches the genealogy wife Geertruida Martha Naude married 1825; the Martha/Maria difference is normal variation.",C08,"Johannes Dirk is compatible with Johan Diederik, and the Graaff-Reinet district matches. Geertruida Naude also matches the wife recorded as married in 1825, although Maria differs from Martha.",False,False,False
A033,"classifier proposal, decided by the authors",1005,4492.0,C13,15,68,2.72,C13,"Graaff-Reinet 1825 'v. d. Merwe, David Schalk' with wife 'Henop, Anna Maria Susanna' matches the genealogy wife Hennop married 1825 and the district (Colesberg was part of Graaff-Reinet); the other David Schalks have different wives.",C13,"David Schalk van der Merwe matches exactly, and Anna Maria Susanna Henop matches his recorded wife with a minor surname spelling variation. Graaff-Reinet includes the declared Colesberg area, and the census year agrees with their 1825 marriage.",False,False,False
A034,"classifier proposal, decided by the authors",591,4167.0,C14,14,68,2.72,C14,"C14 'Willem J. Albertus' Meintjes, Graaff-Reinet 1825, is the only candidate with this distinctive name combination; the wife (Viljoen) differs from the 1816 wife Olivier, which is a contradiction only explicable by remarriage before 1825, but no other candidate fits at all.",NONE,"The closest name, C14, has wife Anna Francina Johanna Viljoen, contradicting the recorded 1816 marriage to Catharina Wilhelmina Susanna Olivier. No supplied evidence establishes a remarriage, and the other candidates do not adequately match his name.",False,True,False
A035,"classifier proposal, decided by the authors",619,7567.0,C11,18,68,2.72,C11,"Swellendam 1825 'Mulder, Johannes Petrus' with wife De Beer, Anna Magdalena matches both names and district; Mulder/Muller is a routine variant. C14 has the same name but a different wife (Odendal).",C11,"C11 matches Johannes Petrus and the declared Swellendam district, with Mulder as a surname variant. The exact wife match, Anna Magdalena de Beer, strongly favours C11 over C14.",False,False,False
A036,"classifier proposal, decided by the authors",203,4384.0,C02,15,68,2.72,C02,"Graaff-Reinet 1825 head Samuel Jacobus de Beer with wife Fourie, Anna Gabriela Johanna matches the surname and partial given names of genealogy wife Anna Johanna Isabella Fourie (married 1814) in the declared district; the Beaufort Samuel Jacobus entries have different wives.",C02,"Samuel Jacobus de Beer and Graaff-Reinet match exactly, while the wife shares the surname Fourie and given names Anna and Johanna. The Gabriela/Isabella discrepancy is outweighed by these agreements; the other exact-name candidates have different wife surnames.",False,False,False
A037,"classifier proposal, decided by the authors",1192,9600.0,C09,15,68,2.72,C09,"Uitenhage 1825 head 'Viljoen, Christoffel' with wife Janze van Vuuren, Elisabeth Maria matches the genealogy wife Elizabeth Maria Janse van Vuuren (married 1810); the Senior entry C12 has a different wife (Johanna) and the Graaff-Reinet Christoffel C07 has wife Booyzen.",C09,Christoffel Viljoen and Elisabeth Maria Janze van Vuuren match the man and his wife married in 1810. This specific spouse match outweighs the district difference and C12's Senior annotation with a different wife's given name.,False,False,False
A038,"classifier proposal, decided by the authors",394,5117.0,C12,15,68,2.72,C12,"Graaff-Reinet 1825 head Petrus Schalk Grobler with wife Pretorius, Anna Johanna Jac. matches the wife married 1824; Petrus/Pieter variation and the adjacent district are normal.",C12,"Petrus Schalk matches Pieter Schalk through the normal Petrus/Pieter variation, and Anna Johanna Jac. Pretorius matches his wife married in 1824. He was about 20 in 1825, and the matching couple outweighs the district difference.",False,False,False
A039,"classifier proposal, decided by the authors",24,9591.0,C02,15,68,2.72,C02,"Uitenhage 1825 head Johannes Jurie Bekker, annotated Senior, with wife Bekker, Johanna matches the genealogy Johannes Jurgen Sr and his 1798 wife Johanna Bekker.",C02,"Johannes Jurie matches Johannes Jurgen, and the Senior annotation, Uitenhage district, and wife Johanna Bekker all agree.",False,False,False
A040,"classifier proposal, decided by the authors",483,1543.0,C15,15,68,2.72,C15,"Cradock 1823 (later Somerset) head Johannes Jacobus Klopper with wife Rhynders, Maria Magdalena Willemina Sophia matches the 1816 marriage to Maria Magdalena Wilhelmina Josepha Reynders, allowing spelling variation in the last name.",C15,"Johannes Jacobus Klopper matches exactly, and Maria Magdalena Willemina Sophia Rhynders closely matches the recorded wife despite spelling and final-given-name differences. Their 1816 marriage predates the return, and Cradock in 1823 is consistent with the declared Somerset district.",False,False,False
A041,"classifier proposal, decided by the authors",36,57.0,C06,15,68,2.72,C06,"C06 Bester Barend Jacobus in Albany 1825 has wife Erasmus Anna Susanna, matching the 1813 marriage; the Cradock 1823 Barend Jacobus Senior (C02) has a different wife (de Klerk) so the wife match outweighs the district difference.",C06,"Barend Jacobus is compatible with Barnard Jacobus, and Anna Susanna Erasmus exactly matches his wife married in 1813. This spouse match outweighs the district difference and distinguishes him from the Cradock namesakes.",False,False,False
A042,"classifier proposal, decided by the authors",297,4529.0,C11,15,68,2.72,C11,"Graaff-Reinet 1825 'Du Toit, Francois Jacobus' with wife Grobler, Elsje Susanna matches the genealogy wife Elsie Susanna Grobbelaar (Grobler/Grobbelaar variant), and Colesberg fell within Graaff-Reinet.",C11,"Francois Jacobus matches exactly, and Elsje Susanna Grobler is a plausible spelling variant of Elsie Susanna Grobbelaar. Graaff-Reinet also fits the declared Colesberg district.",False,False,False
A043,"classifier proposal, decided by the authors",906,1837.0,C06,15,68,2.72,C06,"Cradock 1823 head 'Steenkamp, Thomas Ignatius' with wife Clara Isabella matches the given names and the wife married 1813; the wife's surname recorded as Steenkamp rather than Potgieter looks like clerical use of the married name. No other candidate carries these names.",C06,"Thomas Ignatius matches, and Cradock in 1823 fits Somerset. The wife's surname Steenkamp conflicts with Potgieter, but her exact given names Clara Isabella and the husband's matching names together favour this candidate.",False,False,False
A044,"classifier proposal, decided by the authors",985,5285.0,C09,15,68,2.72,C09,"Graaff-Reinet 1825 head 'v. d. Berg, Barend Petrus' with wife Marais, Hendrina Johanna matches the genealogy wife (married 1821) exactly; born 1802 he would be 23 in 1825.",C09,"Barend Petrus matches exactly with the surname particle abbreviated, and the district agrees. Hendrina Johanna Marais matches the wife married in 1821, and his age of about 23 is compatible.",False,False,False
A045,"classifier proposal, decided by the authors",47,775.0,C12,15,68,2.72,C12,"Beaufort 1825 head Cornelis Johannes Bezuidenhout with wife Vivier, Susanna Petronella matches the genealogy wife Susanna Petronella Viviers married 1824; Beaufort is consistent with the Colesberg/interior declared district.",C12,"The full name matches, and Susanna Petronella Vivier matches the wife married in 1824, before the 1825 census. He would have been about 22.",False,False,False
A046,"classifier proposal, decided by the authors",339,1738.0,C11,15,68,2.72,C11,"C11 Michiel Coenraad Erasmus, Cradock 1823, with wife Grobbelaar Martha Maria matches the genealogy wife Martha Maria Grobler (Grobler/Grobbelaar variant) and the Cradock/Somerset district.",C11,"C11 matches Michiel Coenraad Erasmus exactly in Cradock, consistent with Somerset in 1823. His wife's given names match Martha Maria, and Grobbelaar versus Grobler is a plausible surname variation.",False,False,False
A047,"classifier proposal, decided by the authors",700,9534.0,C13,15,68,2.72,C13,"Uitenhage 1825 head Fredrik Pieterse with wife Van Staden, Martha Catharina matches the 1825 marriage and district; C09 Fredrik Senior has a Smit wife and is likely the father.",C13,"Fredrik is a spelling variant of Frederik, and both the Uitenhage district and wife Martha Catharina Van Staden match. The wife distinguishes him from the other Fredrik, recorded with Elisabeth Smit.",False,False,False
A048,"classifier proposal, decided by the authors",364,10410.0,C11,15,68,2.72,C11,"Worcester 1824 head 'Fourie, Joseph Johannes' with wife Van Eeden, Maria Elisabeth exactly matches the wife married 1820; the district difference is outweighed by the exact wife match, and no Swellendam Fourie has this wife.",C11,"Joseph Johannes Fourie and his wife Maria Elisabeth Van Eeden match the genealogy, allowing the Elizabeth/Elisabeth spelling variation. This spouse match from a marriage in 1820 outweighs the district difference.",False,False,False
A049,"classifier proposal, decided by the authors",289,4778.0,C05,15,68,2.72,C05,"Graaff-Reinet 1825 'Du Preez, Johannes Petrus' with wife 'Herbst, Anna Maria Elisabeth' matches the district and the genealogy wife Anna Martha Elisabeth Herbst (married 1802), the Maria/Martha difference being ordinary variation.",C05,"Johannes Petrus du Preez matches the full name and Graaff-Reinet district. His wife Anna Maria Elisabeth Herbst closely matches Anna Martha Elisabeth Herbst, with the marriage recorded before the census.",False,False,False
A050,"classifier proposal, decided by the authors",504,4249.0,C06,15,68,2.72,C06,"Graaff-Reinet 1825 head Jacobus Johannes Jurgen Kotze with wife Kruger, Maria Dorothea matches the genealogy wife (married 1813), and Colesberg was part of Graaff-Reinet; C10 in Cradock 1823 carries the same name and wife but the Graaff-Reinet return fits the declared district.",C06,"C06 matches the full name and wife Maria Dorothea Kruger, married before the census. Although C10 also matches the couple, Graaff-Reinet gives C06 the geographic advantage because Colesberg was part of that district.",False,False,False
A051,"classifier proposal, decided by the authors",380,1730.0,C08,13,68,2.72,C08,"Cradock 1823 (Somerset) head Barend Christiaan Greyling with wife Scheepers, Hester Antoinetta matches the 1804 marriage; the other Barend Christiaans have a different wife or none.",C08,The full name and Hester Antoinetta Scheepers match the genealogy and its 1804 marriage. Cradock in 1823 is consistent with the declared Somerset district.,False,False,False
A052,"classifier proposal, decided by the authors",587,3863.0,C04,4,68,2.72,C04,"George 1825 return for Johan Coenraad Marneweck Junior names wife Nortje, C. A., matching Catherina Aletta Nortier married 1813; the Senior of the same name has a different wife (Otto).",C04,"The full name and George district match, and Nortje, C. A. is consistent with Catherina Aletta Nortier, married in 1813. The wife distinguishes Junior from the identically named Senior.",False,False,False
A053,"classifier proposal, decided by the authors",947,4749.0,C01,15,68,2.72,C01,"Graaff-Reinet 1825 head Willem Adriaan Swanepoel with wife Venter, Hester Catharina matches the genealogy wife married 1822 and the declared district; Adriaan/Abraham is a middle-name variation.",C01,"The exact match to Hester Catharina Venter, married in 1822, and the Graaff-Reinet district outweigh the discrepancy between Abraham and Adriaan. His age of about 22 in 1825 is consistent with heading a household.",False,False,False
A054,"classifier proposal, decided by the authors",234,2444.0,C06,12,68,2.72,C06,"Cradock 1823 head 'de Lange, Adriaan' with wife Erasmus, Hester Elizabeth exactly matches the genealogy wife married 1815; Cradock was Somerset in 1823.",C06,"Adriaan de Lange matches exactly, and Hester Elizabeth Erasmus matches his wife married in 1815, with Loret omitted. Cradock in 1823 is consistent with the declared Somerset district.",False,False,False
A055,"classifier proposal, decided by the authors",694,7488.0,C12,15,68,2.72,C12,"Swellendam 1825 head Hermanus Bernardus Pieterse with wife Groenewald, Susanna Maria exactly matches the genealogy wife married 1799 and the declared district.",C12,"Hermanus Bernardus Pieterse matches the man's names with ordinary spelling variation and the Swellendam district. His wife Susanna Maria Groenewald exactly matches the wife married in 1799, strongly distinguishing him from the other candidates.",False,False,False
A056,adjudication only,170,1772.0,C04,15,157,4.485714285714286,C04,"C04 is Johannes Jacobus Coetzer in Cradock 1823 (Somerset's predecessor) with wife Heydenryk Geertruida, matching Gertruyda Petronella Heydenrych; the 1824 marriage year is a minor discrepancy against the 1823 return but no other Johannes Jacobus has this wife.",NONE,"Several Cradock candidates share the exact name Johannes Jacobus Coetzer. The Heydenrych marriage dates to 1824, after the 1823 census, so under the stated rule it cannot distinguish C04 from the other namesakes.",False,True,False
A057,adjudication only,145,504.0,C02,2,157,4.485714285714286,C02,"Beaufort 1825 head Johannes Christoffel Broodryk, Johannes Andries' son, with no wife fits a man born 1805 who married Maritz only in 1827; the only other candidate is Jan Andries Senior with a different wife.",C02,"The full name and Beaufort district match, and he was about 20 in 1825. His 1827 marriage supplies no wife evidence for the census year.",False,False,False
A058,adjudication only,588,9147.0,C01,5,157,4.485714285714286,C01,"Uitenhage 1825 head Mark (annotated Marx?), Petrus Johannes, with no wife matches the given names exactly and fits a man who married only in 1827; C04 Petrus Gerhardus has a different middle name and a wife named Botha already in 1825.",C01,"Petrus Johannes and Uitenhage match exactly, while the annotation 'Marx?' explicitly supports interpreting Mark as a surname variant. The recorded marriage occurred after the census.",False,False,False
A059,adjudication only,1216,8850.0,C03,15,157,4.485714285714286,C03,"C03 Hermanus Wilhelmus Wessels in Swellendam 1825 matches name and district; born 1805 he was 20, and the absent wife fits his marriage to Hester Marais in 1825 being at or after the return.",C03,"Hermanus Wilhelmus Wessels matches exactly in Swellendam, and his age of about 20 permits household headship. No wife is named, which is compatible with a marriage occurring during the census year.",False,False,False
A060,adjudication only,211,2001.0,C05,15,157,4.485714285714286,C05,"C05 de Bruin Pieter Fredrik in Cradock 1823 has wife Schutte Philippina Maria Charlotte, matching Philipina Maria Charlotta Schutte married 1818; Pieter/Petrus is a normal variant and he was 24 in 1823.",C05,"Pieter Fredrik de Bruin matches the principal names, and Philippina Maria Charlotte Schutte closely matches his wife married in 1818. Cradock fits Somerset in 1823; the wife match outweighs the apparent patronymic discrepancy.",False,False,False
A061,adjudication only,888,635.0,C01,7,157,4.485714285714286,C01,"Beaufort 1825 head 'Snyders, Petrus Jacobus' (Petrus Casparus' son) matches the name and declared district exactly; no wife is recorded on either side, and the other Beaufort Snyders have different given names.",C01,Petrus Jacobus Snyders matches the full name and Beaufort district exactly. No supplied age or spouse evidence contradicts the match.,False,False,False
A062,adjudication only,266,1935.0,C04,20,157,4.485714285714286,C04,"Cradock 1823 head 'du Plessies, Jan Adriaan' matches the full name and the Somerset/Cradock district; no wife named is consistent with his marriage only in 1825, and no other candidate carries the name Jan Adriaan.",C04,"Jan Adriaan du Plessies matches the full name, and Cradock in 1823 is consistent with the declared Somerset district. The marriage in 1825 provides no corroboration or contradiction for this earlier return.",False,False,False
A063,adjudication only,7,8308.0,C04,15,157,4.485714285714286,C04,"C04 is Badenhorst Laurens Sr. in Swellendam 1825, matching the name, Sr designation and district; the wife Moolman Catharina E. differs from Johanna Catharina Swart, but the genealogy gives no marriage date so remarriage could explain it, and no other candidate fits better.",C04,"Laurens Sr. matches Lourens Sr. in the declared district, and his birth year makes senior status plausible. The wife differs, but the undated Swart marriage leaves room for a different marriage in 1825.",False,False,False
A064,adjudication only,792,9713.0,C01,6,157,4.485714285714286,C01,"C01 Raats Johan Christiaan in Uitenhage 1825 has wife Voslo Johanna Helena, matching Johanna Helena Vosloo married 1803; Raats/Raath and Christiaan/Christoffel are normal spelling variants.",C01,The Uitenhage district and wife Johanna Helena Voslo match the genealogy's district and pre-census wife Johanna Helena Vosloo. This corroboration outweighs the Christiaan versus Christoffel discrepancy.,False,False,False
A065,adjudication only,883,5111.0,C14,15,157,4.485714285714286,C14,"Graaff-Reinet 1825 head 'Smit, Christiaan Hendrik S.' with wife Klaassen, Dorothea Wilhelmina matches the genealogy wife Dorothea Wilhelmina Claasens (married 1817) in the declared district; Klaassen/Claasens is a spelling variant.",C14,"Christiaan Hendrik S. matches the given names, and Graaff-Reinet matches the district. Dorothea Wilhelmina Klaassen matches the wife married in 1817, allowing for surname spelling variation.",False,False,False
A066,adjudication only,607,4397.0,C15,15,157,4.485714285714286,C15,"Graaff-Reinet 1825 head Cornelis Jacobus Minnaar is the only name match; no wife named is consistent with his marriage to Johanna Cecilia Roos only in 1828, and Beaufort/Graaff-Reinet were adjoining interior districts.",C15,"C15 is the only exact match for Cornelis Jacobus Minnaar. The district differs, but the marriage in 1828 neither confirms nor contradicts the 1825 entry.",False,False,False
A067,adjudication only,1119,9615.0,C05,15,157,4.485714285714286,C05,"Uitenhage 1825 head 'Van Tonder, Johannes' with wife Nortje, Lena Catharina matches the wife Magdalena/Helena Catharina Nortje married 1806 and the declared district.",C05,"Johannes Van Tonder and the Uitenhage district match exactly. Lena Catharina Nortje is compatible with Magdalena or Helena Catharina Nortje, his wife married in 1806.",False,False,False
A068,adjudication only,119,4210.0,C02,7,157,4.485714285714286,C02,"C02 Breed Gerhardus Chistiaan in Graaff-Reinet 1825 has wife Venter Gegina Wilhelmina, matching Gesina Wilhelmina Venter married 1824, before the census year.",C02,"Gerhardus Chistiaan closely matches Gerhardus Christiaan, and Gegina Wilhelmina Venter matches his wife married in 1824. He was about 28 in 1825, a plausible household-head age.",False,False,False
A069,adjudication only,38,1886.0,C14,15,157,4.485714285714286,C06,"Cradock 1823 head Johannes Andreas Beukes Senior with wife Botha, Maria Dorothea exactly matches the genealogy wife married in 1798; C14 is the son of the same name with a different wife (van Heerden).",C06,"The full name, Cradock district and wife Maria Dorothea Botha all match, with the 1798 marriage preceding the census. C14 names a different maiden surname for his wife.",True,True,True
A070,adjudication only,265,1923.0,C13,15,157,4.485714285714286,C13,"Cradock 1823 (Somerset) head 'du Plessies, Barend Christoffel', annotated Barend's zoon, with wife de Klerk, Elizabeth Johanna matches the genealogy wife exactly; the 1824 marriage year is only one year off the return and C03 is the Senior with a different wife (Steenkamp).",C13,"The full name matches, and Cradock is consistent with Somerset in 1823. The named Elizabeth Johanna de Klerk makes this the closest identity fit, although the recorded 1824 marriage cannot corroborate a marriage already existing in 1823.",False,False,False
A071,adjudication only,390,9391.0,C14,15,157,4.485714285714286,C14,"Uitenhage 1825 head 'Grobler, Coert Nicolaas' matches name and district; no wife named fits a man of 22 who married Gouws only in 1826.",C14,"Coert Nicolaas closely matches Ceort Nicolaas, and the Uitenhage district agrees. His age of about 22 supports household headship; the 1826 marriage does not corroborate or contradict the 1825 return.",False,False,False
A072,adjudication only,1141,10289.0,C02,15,157,4.485714285714286,C02,"Henning Jacobus van Wyk in Worcester 1824 with no wife fits a man born 1802 (aged 22) who only married in 1830; C07 of the same name already has a wife (Steenkamp) in 1824, contradicting the genealogy.",C02,"C02 has the exact name and a son-of annotation consistent with the younger namesake, who would be about 22 in 1824. No wife is named; the 1830 marriage supplies no direct corroboration, but C02 is the best-supported candidate.",False,False,False
A073,adjudication only,282,929.0,C10,15,157,4.485714285714286,C10,"C10 'Cornelis Johannes Fredrik' Du Plooy, Beaufort 1825, is an exact three-name match with no wife listed, consistent with his 1837 marriage postdating the census; Beaufort versus Somerset is within district approximation.",C10,Cornelis Johannes Fredrik matches the full name with a minor spelling variation. The 1837 marriage provides no corroboration or contradiction for the 1825 return.,False,False,False
A074,adjudication only,771,2205.0,C13,15,157,4.485714285714286,C13,"Cradock 1823 'Prinsloo, Pieter Willem' (Willem's zoon) matches the given names and district (Somerset was Cradock in 1823); he has no wife named, consistent with his marriage to Martha Riekert only in 1824.",C13,"Pieter Willem Prinsloo matches exactly, and Cradock in 1823 is consistent with the declared Somerset district. No wife is named, which is consistent with the recorded marriage in 1824.",False,False,False
A075,adjudication only,987,4465.0,C03,15,157,4.485714285714286,C03,"Graaff-Reinet 1825 head 'v. d. Berg, Isaac Johannes Mattheus' with wife v. d. Berg, Johanna Sophia Adriana matches the name (Izak/Isaac, Matthys/Mattheus), district and 1819 wife exactly.",C03,"Isaac Johannes Mattheus is a spelling variant of Izak Johannes Matthys, and the Graaff-Reinet district matches. Johanna Sophia Adriana van den Berg matches his wife married in 1819, and his age of about 23 is consistent with household headship.",False,False,False
A076,adjudication only,280,812.0,C02,15,157,4.485714285714286,C02,"Beaufort 1825 head Cornelis Michiel Du Plooy, annotated Snr., with wife De Clercq, Hendrina Cicilia matches the genealogy wife Hendrina Cecilia de Klerk married 1802; C05 is the same-named son without a wife.",C02,"The name, Beaufort district and senior designation match. Hendrina Cicilia De Clercq is a spelling variant of Hendrina Cecilia De Klerk, whom he married in 1802.",False,False,False
A077,adjudication only,326,2220.0,C04,15,157,4.485714285714286,C04,C04 Anthonie Philippus Erasmus in Cradock 1823 (Cradock = Somerset) matches name and district; no wife named is consistent with his 1826 marriage to Maria Petronella Botha being after the census.,C04,"Anthonie Philippus is a spelling variant of Antonie Philippus, and Cradock in 1823 is consistent with Somerset. The 1826 marriage provides no contradiction to the absence of a named wife in 1823.",False,False,False
A078,adjudication only,458,1850.0,C08,15,157,4.485714285714286,C08,Jacob Daniel Jordaan in Cradock 1823 (Somerset was Cradock in 1823) with no wife fits a man born 1806 who married de Bruyn only in 1825; no other candidate carries the name.,C08,"The full name matches exactly, and Cradock in 1823 is consistent with the declared Somerset district. He would be about 17, a plausible household head, and his recorded marriage occurred later in 1825.",False,False,False
A079,adjudication only,268,1934.0,C04,15,157,4.485714285714286,C04,Cradock 1823 (Somerset) head Willem Abraham du Plessies with no wife named is consistent with his marriage to Anna Elisabeth Kloppers only in 1824; no other candidate carries his names.,C04,"Willem Abraham du Plessies matches the full name with a minor surname spelling variation, and Cradock in 1823 fits Somerset. The 1824 marriage provides no wife corroboration or contradiction for this earlier return.",False,False,False
A080,adjudication only,972,4630.0,C01,4,157,4.485714285714286,C01,"Graaff-Reinet 1825 head Isaac Gerhardus v. Aswegen is a normal variant of Izak Gerrit and the only name match; the wife Bester, Hendrina differs from Antjie Christina du Toit, but the genealogy gives no marriage year so a later remarriage could explain it.",C01,"Isaac Gerhardus is a plausible variant of Izak Gerrit, and Graaff-Reinet is geographically consistent with Colesberg. Hendrina Bester differs from the recorded wife, but the undated Du Toit marriage leaves room for an earlier marriage.",False,False,False
A081,adjudication only,494,5090.0,C02,15,157,4.485714285714286,C02,"C02 Koekemoer Joachim Marthinus in Graaff-Reinet 1825 has wife De Beer H. Cornelia, and Neeltjie is the standard diminutive of Cornelia, matching the 1809 marriage to Neeltjie de Beer.",C02,"Joachim Marthinus Koekemoer matches exactly in Graaff-Reinet. His wife's surname matches, and Neeltjie is compatible with Cornelia as a familiar name.",False,False,False
A082,adjudication only,822,232.0,C01,5,157,4.485714285714286,C01,"C01 Johannes Nicolaas Jacobus Roets, Beaufort 1825, 'Nicolaas' son', is an exact three-name match aged about 21 with no wife, consistent with his 1827 marriage; C03 Senior is the father.",C01,"C01 matches all three given names exactly, and his birth in 1804 makes him about 21 in 1825. This favours C01 over the shorter-named senior C03; the 1827 marriage does not establish a census-year wife.",False,False,False
A083,adjudication only,535,9644.0,C09,11,157,4.485714285714286,C09,"C09 Carel Pieter Landman, Uitenhage 1825, with wife Meyer Achata Jacomina (spelling variant of Agatha Jacomina, married 1817) is an exact name, wife and district match.",C09,"Carel Pieter Landman matches his name and Uitenhage district. Achata Jacomina Meyer is a plausible spelling variant of Agatha Jacomina Meyer, whom he married in 1817.",False,False,False
A084,adjudication only,945,9385.0,C06,15,157,4.485714285714286,C06,"Uitenhage 1825 head 'Strydom, Coenraad Jacobus Stephanus' is an exact name and district match; no wife named is consistent with his marriage to Slabbert only in 1834. C07 Coenraad in George already has a different wife.",C06,"The full name Coenraad Jacobus Stephanus Strydom and Uitenhage district match exactly. No wife is named, which is consistent with the recorded marriage occurring later, in 1834.",False,False,False
A085,adjudication only,567,5505.0,C01,4,157,4.485714285714286,C01,Graaff-Reinet 1825 head Hendrik Jacobus Maartens with no wife named matches the name and district; his 1832 marriage to Elizabeth Maria Roos postdates the census so the absent wife is consistent.,C01,Hendrik Jacobus Maartens matches the full name and Graaff-Reinet district exactly. The recorded marriage in 1832 neither confirms nor contradicts the 1825 return.,False,False,False
A086,adjudication only,820,1883.0,C02,9,157,4.485714285714286,C02,"Cradock 1823 'Roetz, Gerhardus Jacobus' (Hendrik's son) is an exact given-name match in the Somerset/Cradock area; he was 22 and unmarried, consistent with the 1824 marriage to Catharina Susanna Hattingh.",C02,"Gerhardus Jacobus Roetz matches the full name with a normal surname spelling variation, and Cradock in 1823 fits Somerset. He was about 22, and his recorded marriage occurred after the return.",False,False,False
A087,adjudication only,318,1694.0,C07,12,157,4.485714285714286,C07,"Cradock 1823 head 'Enslin, Jan Adam' is the Dutch form of Johan Adam in the Somerset/Cradock district; no wife is named, consistent with his 1825 marriage to Anna Susanna Coetzer falling after the census.",C07,"Jan Adam matches Johan Adam, and Cradock in 1823 is consistent with the declared Somerset district. The recorded marriage in 1825 provides no wife corroboration for the earlier return.",False,False,False
A088,adjudication only,407,2034.0,C04,15,157,4.485714285714286,C04,"Cradock 1823 'Hatting, Jacobus Gerhardus' (Jan Hendrik's son) is an exact name match in the Somerset/Cradock district; no wife is named, consistent with his 1826 marriage to Jacomina Elizabeth de Beer.",C04,"Jacobus Gerhardus Hatting matches the full name with a minor surname spelling variation, and Cradock in 1823 fits Somerset. The marriage in 1826 provides no wife corroboration for the earlier census.",False,False,False
A089,adjudication only,242,8342.0,C01,3,157,4.485714285714286,C01,"Johannes Daniel de Necker in Swellendam 1825 with no wife matches on name (middle name Jacobus omitted) and district, and being unmarried is consistent with his 1827 marriage to Beukes.",C01,"Johannes Daniel de Necker matches with the final given name Jacobus omitted, and the district is Swellendam. The marriage in 1827 provides no contradiction to this 1825 record.",False,False,False
A090,adjudication only,829,5537.0,C10,15,157,4.485714285714286,C10,C10 Isaac Francois Roos in Graaff-Reinet 1825 matches Izaak Francois (spelling variant) and the declared district; no wife is consistent with the genealogy recording no spouse.,C10,"Isaac Francois corresponds to Izaak Francois, and both records place Roos in Graaff-Reinet.",False,False,False
A091,wife-blind linkage only,680,1561.0,C08,14,128,4.266666666666667,C02,"Cradock 1823 head 'Opperman, Godlieb Rudolph' with wife Greyling, Anna Maria Elizabeth matches the 1820 wife and Somerset/Cradock district; C08 shares the name but has a different wife (Pienaar).",C02,"The full name and wife Anna Maria Elizabeth Greyling match, with only an Elisabeth/Elizabeth spelling variation. Cradock is consistent with Somerset, while the other Godlieb Rudolph has a different wife.",True,True,True
A092,wife-blind linkage only,375,9401.0,C11,15,128,4.266666666666667,C11,Uitenhage 1825 head Cornelis Gous 'Marthinus' son' with no wife fits a man who only married Petronella Susanna Prinsloo in 1829; C15 'Senior' with wife Meyer and C03 with wife Geere have contradicting wives.,C11,"Cornelis Gous matches the given name and Uitenhage district, with a normal surname spelling variation. Among the Cornelis candidates, the exact-name entry with no named wife is favoured because it requires no unrecorded earlier marriage; the 1829 marriage itself is neutral.",False,False,False
A093,wife-blind linkage only,55,3370.0,C09,15,128,4.266666666666667,C15,"Willem Hendrik Boshoff 'A. son' in George 1825 with no wife is consistent with an undated marriage to Catharina Maria Barnard after the census, in the declared district; C05 has a different wife (Desagen) and C01 a different wife (v. d. Berg) in Graaff-Reinet.",NONE,"C09 and C15 both match Willem Hendrik Boshoff in George with no wife named, and the supplied evidence cannot distinguish them. Neither has enough support to be more likely than not, while the other exact-name candidates name different wives.",True,True,True
A094,wife-blind linkage only,129,444.0,C01,2,128,4.266666666666667,C01,"Beaufort 1825 head 'Brytenbagh, Louis Lourens' matches name and district with normal spelling variation; the absent wife entry does not contradict the 1817 marriage to Fourie, and the only other candidate has a different name and wife.",C01,"Louis Lourens Brytenbagh matches the given names and Beaufort district, with a plausible surname spelling variation. The unnamed wife supplies no contradictory evidence.",False,False,False
A095,wife-blind linkage only,536,9271.0,C01,11,128,4.266666666666667,NONE,"Three Uitenhage 1825 heads named Johan Abraham Landman (C01 Christoffel's son, C05 Willem's son, both without a wife; C06 with wife De Jager, not le Roux) cannot be distinguished by the supplied evidence, since the genealogy gives no birth or marriage year; no single candidate is more likely than not to be him.",NONE,"C01 and C05 both match the name and district, but the genealogy supplies no parentage to distinguish Christoffel's son from Willem's son. Neither names the recorded wife, so no individual candidate is more likely than not to be him.",True,True,True
A096,wife-blind linkage only,1187,5196.0,C17,17,128,4.266666666666667,C01,"Jan Viljoen, aged about 19 in 1825 and only married in 1826, fits the unmarried Graaff-Reinet 1825 head 'Viljoen, Jan' with no wife named. C17's wife Johanna Christina Jacobsz does not match Catharina Sophia Jacobs, and the many Jan Hendrik entries carry a middle name and different wives.",C01,"Jan Viljoen matches the name and Graaff-Reinet district exactly, and his age of about 19 in 1825 permits household headship. No wife is named; the recorded 1826 marriage neither confirms nor contradicts this identification.",True,True,True
A097,wife-blind linkage only,159,573.0,C04,4,128,4.266666666666667,C02,Johannes Hendrik Claassens 'Johannes Hendrik's son' in Beaufort 1825 with no wife fits a 19-year-old unmarried man who only married in 1828; C04 'Senior' with wife Van Wyk is the father.,C02,"Johannes Hendrik Claassens matches the name and Beaufort district, allowing surname variation. At about 19 in 1825, the candidate identified as Johannes Hendrik's son is favoured over the Senior household; the 1828 marriage supplies no census-wife corroboration.",True,True,True
A098,wife-blind linkage only,478,7718.0,C02,15,128,4.266666666666667,C02,"Two identical Swellendam 1825 heads named Jacobus Francois Joubert with no wife named (C02 and C12); one is almost certainly him but nothing distinguishes them, so C02 is chosen as the first of the tied pair.",NONE,"C02 and C12 have identical supplied evidence: the exact name Jacobus Francois Joubert, Swellendam district and no named wife. Nothing distinguishes them, so neither individual candidate is more likely than not to be this man.",False,True,False
A099,wife-blind linkage only,775,2201.0,C02,15,128,4.266666666666667,C02,"Cradock 1823 (Somerset) head Marthinus Prinsloo, Willem's zoon, with no wife named is consistent with his marriage to Maria Petronella de Wet only in 1825; C04 Marthinus Lourens has a different wife, a contradiction.",C02,"C02 matches Marthinus Prinsloo exactly, and Cradock in 1823 is consistent with Somerset. The marriage to Maria Petronella de Wet occurred after this census and neither confirms nor contradicts it.",False,False,False
A100,wife-blind linkage only,1108,9463.0,C08,15,128,4.266666666666667,C04,"Johannes Jurie van Staden Junior in Uitenhage 1825 with no wife fits a man born 1806 who only married Susanna Josina Viljoen in 1826; C08 of the same name is the Field Cornet with a van Rensburg wife, evidently the father.",C04,"The exact name, Uitenhage district and Junior annotation favour C04 for a man aged about 19 in 1825. No wife is named, consistent with his recorded marriage occurring in 1826.",True,True,True
A101,wife-blind linkage only,1017,2310.0,C15,19,128,4.266666666666667,NONE,"Born 1808, he would be 15-17 in 1823-1825 and unmarried until 1836; every Johannes Petrus van der Merwe candidate already has a different wife (Le Roux, Theron, de Wit, Isel), so none can be him.",NONE,"He was only about 15–17 during these returns, and several candidates share his full name without evidence identifying any one as him. His 1836 marriage neither confirms nor contradicts their census wives, leaving no candidate more likely than not to be him.",True,True,True
A102,wife-blind linkage only,587,3859.0,C01,4,128,4.266666666666667,C02,"George 1825 'Marneweck, Johan Coenraad' Junior with wife Nortje, C. A. matches the wife Catherina Aletta Nortier married 1813; the Senior of the same name has a different wife (Otto).",C02,"Johan Coenraad Marneweck matches exactly in George, and Nortje, C. A. matches Catherina Aletta Nortier by initials and surname variation. The wife's identity distinguishes Junior from Senior, whose wife is Otto.",True,True,True
A103,wife-blind linkage only,639,9658.0,C12,15,128,4.266666666666667,C12,"Uitenhage 1825 head 'Nel, Pieter Willem' matches the name and declared district exactly; the census wife Van der Merwe differs from the genealogy wife Anna Helena Martha Nel, but with no marriage year recorded the Nel marriage may post-date 1825, so the contradiction is explainable and no other candidate fits better.",C12,"C12 matches Pieter Willem Nel exactly in the declared district of Uitenhage. Jacoba van der Merwe differs from the recorded wife, but the missing genealogy marriage date leaves an earlier marriage possible.",False,False,False
A104,wife-blind linkage only,57,5552.0,C03,3,128,4.266666666666667,C03,Graaff-Reinet 1825 head Jacobus Nicolaas Boshof with no wife named fits a 17-year-old unmarried son (married 1827) listed as a taxable male; the other candidates are a female head and a differently named man.,C03,"Jacobus Nicolaas Boshof matches exactly in Graaff-Reinet, with the junior designation omitted. He was about 17 in 1825, and his 1827 marriage neither confirms nor contradicts this entry.",False,False,False
A105,wife-blind linkage only,730,9209.0,C07,15,128,4.266666666666667,C07,"Uitenhage 1825 head 'Potgieter, Hans Jurie' (Jurie = Jurgen) matches name and declared district, with no wife named consistent with his 1826 marriage to Uys; C03 is the same name in Cradock 1823 but the district favours C07.",C07,"Hans Jurie is a plausible variant of Hans Jurgen, and Uitenhage matches the declared district, favouring C07 over the Cradock namesake C03. His age of about 22 is plausible, and the 1826 marriage supplies no corroboration or contradiction.",False,False,False
A106,wife-blind linkage only,770,2202.0,C15,15,128,4.266666666666667,C15,"Cradock 1823 'Prinsloo, Willem Marthinus' (Willem's zoon) matches the given names and district with a Klopper wife married before 1823; the wife's given names (Petronella Margaretha vs Helena Catharina) differ, but the same Klopper wife is also copied against 'Klaas' (C07), suggesting a clerical slip rather than a different man, and no other candidate fits.",NONE,"The exact-name candidate C15 names Petronella Margaretha Klopper rather than Helena Catharina Klopper, whom he married in 1822. No supplied evidence explains this contradiction, and the remaining candidates lack sufficient corroboration.",False,True,False
A107,wife-blind linkage only,919,400.0,C04,15,128,4.266666666666667,C12,"C12 Hermanus Steyn in Beaufort 1825, annotated Marthinus' son, with wife Anna Catharina Halting (Hattingh) matches the genealogy's 'M. seun', district, and the wife he married in 1815.",C12,"Hermanus Steyn matches in Beaufort, and Anna Catharina Halting plausibly represents Anna Catharina Hattingh, married in 1815. The annotation 'Marthinus' son' also agrees with 'M. seun'.",True,True,True
A108,wife-blind linkage only,331,2224.0,C12,15,128,4.266666666666667,C12,"Cradock 1823 (Somerset) head Jacob Erasmus with no wife named fits a man born 1803 who only married Greyling in 1828; C13 is in Worcester with a De Wet wife, and the other Jacobus heads have non-matching wives or extra names.",C12,"Jacob Erasmus matches exactly, and Cradock in 1823 fits the declared Somerset district. He was about 20, and the unnamed wife is consistent with his recorded marriage occurring in 1828.",False,False,False
A109,wife-blind linkage only,91,1954.0,C14,15,128,4.266666666666667,C14,"C14 Pieter Johannes Botha, Cradock 1823 (Cradock = Somerset in 1823), has no wife listed, consistent with marriage to Anna Christina Putter only in 1827; the George and Graaff-Reinet Petrus Johannes entries show different wives already in 1825.",C14,"C14 matches Pieter Johannes Botha exactly in Cradock, consistent with Somerset in 1823. The recorded marriage in 1827 does not establish a wife for the census year.",False,False,False
A110,wife-blind linkage only,737,620.0,C06,15,128,4.266666666666667,C06,"C06 Willem Sterrenberg Pretorius, Beaufort 1825, matches name and declared district with no wife, consistent with a man born 1807 who married only in 1829; C04 and C14 already have different wives in 1825.",NONE,"The supplied death year of 1807 predates every census return. Although C06 matches the name and district, the contradictory 1829 marriage does not establish a corrected death year.",False,True,False
A111,wife-blind linkage only,1040,1.0,C15,15,128,4.266666666666667,C12,"Albany 1825 'Van Dyk, Joseph' with wife 'Potgieter, Sophia Elizabeth' matches the declared district and the wife married 1813; the other Albany Joseph (C15) has a different wife, Krieger, and the Cradock Joseph (C02) has a van Zyl wife.",C12,"Joseph van Dyk matches the name and Albany district, and Sophia Elizabeth Potgieter matches his wife from the 1813 marriage. The other Joseph candidates name different wives.",True,True,True
A112,wife-blind linkage only,317,2232.0,C07,15,128,4.266666666666667,NONE,"C07 matches name and district, but his 1823 wife is Johanna Jacoba Geere whereas the genealogy man married Jacomina Hendrina Viljoen in 1820, before the census; a mismatched wife married before the census year is a strong contradiction.",NONE,"C07 matches the man's name and approximate district but names Johanna Jacoba Geere instead of Jacomina Hendrina Viljoen, whom he married in 1820 before the census. No supplied evidence explains that contradiction, and the other candidates have different given names.",True,True,True
A113,wife-blind linkage only,195,359.0,C03,15,128,4.266666666666667,C01,"Exact name Matthys Andries de Beer in Beaufort 1825 with no wife, consistent with his only recorded marriage (Alberts) in 1829; the other Matthys Andries entries (C03, C06) have wives in 1825 who do not appear in the genealogy.",C01,"C01 matches Matthys Andries de Beer exactly in Beaufort and names no wife, making it the best fit without requiring an additional marriage. The recorded 1829 marriage itself neither confirms nor contradicts an 1825 identification.",True,True,True
A114,wife-blind linkage only,475,2129.0,C07,15,128,4.266666666666667,C07,"The only Josua Joubert in the Cradock 1823 return, matching the declared Somerset/Cradock district. The census wife (Botha) differs from Johanna Catharina van den Berg, but the genealogy marriage year is missing and he lived to 1876, so van den Berg could be a later wife.",C07,"The exact name Josua Joubert and Cradock return favour C07 over the candidates elsewhere. Hester Jacoba Botha differs from the recorded wife, but the undated Van den Berg marriage leaves a later marriage possible.",False,False,False
A115,wife-blind linkage only,389,9567.0,C04,15,128,4.266666666666667,C04,"Uitenhage 1825 head 'Grobler, Johannes Hermanus' matches name and the declared Uitenhage district; no wife named is compatible with a man of 21 marrying in 1825 around census time.",C04,"Johannes Hermanus Grobler matches the full name and the declared Uitenhage location, at a plausible age of about 21. No wife is named, and the marriage occurred in the same year as the return.",False,False,False
A116,wife-blind linkage only,99,1691.0,C01,15,128,4.266666666666667,NONE,"Both Cradock 1823 heads named Philip Rudolph Botha (C01 wife Prinsloo, C05 wife Greyling) record a wife that contradicts the genealogy wife Anna Johanna Nel married in 1822, a year before the census; the remaining Philip Rudolphs are in Swellendam, George and Worcester with other wives or no corroboration.",NONE,"Both Philip Rudolph candidates in Cradock name wives different from Anna Johanna Nel, whom he married in 1822. The namesakes with no wife listed are in other districts and lack distinguishing corroboration, leaving no candidate more likely than not to be him.",True,True,True
A117,wife-blind linkage only,619,7210.0,C09,15,128,4.266666666666667,C09,"Only Johannes Petrus Muller in the Swellendam return, matching name and declared district exactly. The census wife (Odendal) differs from Anna Magdalena de Beer, but the genealogy marriage year is missing so de Beer may be a later marriage.",C09,"Johannes Petrus Muller matches the full name and Swellendam district exactly. The different census wife weakens the match, but the undated De Beer marriage could have occurred later.",False,False,False
A118,wife-blind linkage only,4,7850.0,C02,10,128,4.266666666666667,C02,"Swellendam 1825 head Johannes Joachim Alberts with no wife fits a man born 1807 who married La Grange only in 1826; C01 (Sr., wife Van den Vyver) is an older man with a contradicting wife and C04 (wife Anna Helena Legrange) is the Johannes of case A030.",C02,"C02 matches the full name and Swellendam district, and his age of about 18 permits household headship. The senior namesake is less plausible for his age; the marriage in 1826 neither confirms nor contradicts the 1825 record.",False,False,False
A119,wife-blind linkage only,773,2235.0,C10,15,128,4.266666666666667,NONE,"Born 1808, he was about 15 in 1823 and unmarried until 1828; the only Willem Jacobus (C10, 'de Oude') is an older man with wife Snyman, so no candidate is him.",NONE,"The only full-name match, C10, is explicitly 'De Oude' and already married to Anna Margaretha Snyman, whereas the genealogy man was only about 15 in 1823. His 1828 marriage supplies no corroboration for any candidate, and the remaining names do not provide a convincing match.",True,True,True
A120,wife-blind linkage only,1055,5190.0,C09,15,128,4.266666666666667,C09,"Graaff-Reinet 1825 head Pieter Johannes Van Nieuwkerk with wife v. d. Berg, Heilje Magdalena matches the 1818 wife Hilletje Magdalena Petronella van den Berg under spelling variation and the declared district.",C09,"Pieter Johannes and the Graaff-Reinet district match, with Van Nieuwkerk a surname spelling variation. Heilje Magdalena v. d. Berg closely matches Hilletje Magdalena Petronella van den Berg, allowing spelling variation and an omitted middle name.",False,False,False
