unit,unit_name,group,machine_count,rate,rate_low,rate_high,machine_file_n,phd_known_n,phd_home_n,phd_foreign_n,foreign_phd_share,foreign_phd_low,foreign_phd_high,count_matches,display_group
UY,Uruguay,latam,38,14.00927572584565,11.968745207484048,16.04980624420725,38,36,4,32,0.8888888888888888,0.7468519140963514,0.9559335969968434,TRUE,Latin America
CL,Chile,latam,202,11.43329734079022,10.785051024609643,12.081543656970798,202,195,14,181,0.9282051282051282,0.8831103441910038,0.95675474727663,TRUE,Latin America
CZ,Czechia,emerging,65,7.647284653049274,6.458947540089733,8.835621766008815,65,61,43,18,0.29508196721311475,0.19555018758276055,0.4188940205722037,TRUE,Other peers
AR,Argentina,latam,215,5.284051543423264,4.900660594483988,5.6674424923625395,215,208,16,192,0.9230769230769232,0.8787109222736839,0.9520990663837732,TRUE,Latin America
CO,Colombia,latam,152,3.6315418047431214,3.3491960028195873,3.913887606666655,152,136,6,130,0.9558823529411764,0.9070924554902228,0.9796259829879816,TRUE,Latin America
ZA,South Africa,focus,111,2.9280544162068627,2.5800855292400096,3.276023303173716,111,102,54,48,0.4705882352941176,0.3765591450595171,0.5667522938902749,TRUE,South Africa
TR,Turkey,emerging,166,2.219651565502073,2.0471991301856995,2.392104000818446,166,163,6,157,0.9631901840490796,0.922028341113956,0.9830224841864924,TRUE,Other peers
PL,Poland,emerging,64,2.149703593588304,1.8304667172855011,2.4689404698911073,64,63,28,35,0.5555555555555556,0.4331963823868235,0.6715290398810819,TRUE,Other peers
BR,Brazil,latam,281,1.6280858107846476,1.4897585408129308,1.7664130807563645,281,274,94,180,0.656934306569343,0.5989011639713757,0.7106278759531532,TRUE,Latin America
MX,Mexico,latam,84,0.9913719329902848,0.8258009311542873,1.1569429348262823,84,77,5,72,0.935064935064935,0.8568357493578059,0.9719469195522836,TRUE,Latin America
MY,Malaysia,emerging,8,0.5715559688107152,0.33328070502083557,0.809831232600595,8,8,2,6,0.75,0.409275430310169,0.928520787247891,TRUE,Other peers
IN,India,emerging,518,0.45987876345054335,0.4193147669268195,0.5004427599742671,518,498,84,414,0.8313253012048193,0.7959287082962406,0.8616494853737001,TRUE,Other peers
TH,Thailand,emerging,12,0.37220838548020013,0.2696314922566489,0.47478527870375137,12,11,1,10,0.9090909090909092,0.6226415635484045,0.9837678271141154,TRUE,Other peers
EG,Egypt,africa,16,0.2473892329043676,0.1884856241275299,0.3062928416812053,16,16,1,15,0.9375,0.7167126242970108,0.9888806552353576,TRUE,Other peers
ID,Indonesia,emerging,29,0.1886845068572933,0.15764921886338332,0.21971979485120324,29,29,3,26,0.896551724137931,0.736149189092262,0.9641851086493228,TRUE,Other peers
