target,topic,predicted,benchmark,observed,ratio
za,firms,0.1294354537778014,baseline,0.07702196971261709,0.5950608389324208
za,labour,0.04992904599299135,baseline,0.0463345477491906,0.9280078725256374
za,household,0.0527005699572561,baseline,0.05598279496069267,1.0622806357900625
za,fiscal,0.06118365060953248,baseline,0.05739085347013809,0.9380096299974052
za,education,0.02551623899584655,baseline,0.0186853251843587,0.7322915100223134
za,health,0.08018114786051896,baseline,0.11086281216232856,1.3826543410825527
za,macro,0.1553737953048672,baseline,0.17440688863251974,1.1224987346824262
za,trade,0.07662932830106736,baseline,0.06510101981995835,0.8495574901059333
za,finance,0.14948900828543854,baseline,0.20546687841755612,1.3744614455213446
za,institutions,0.11256289821906118,baseline,0.10820135604119584,0.9612523997971584
za,bee,0.00106031644437693,baseline,0.0050957826149378,4.805907370353209
za,other,0.11349657641787668,baseline,0.0754497712345064,0.6647757458049847
aboutsa,firms,0.1218921734724306,baseline,0.07377049180327869,0.6052110623818189
aboutsa,labour,0.04708343327522003,baseline,0.13360655737704918,2.837655372242495
aboutsa,household,0.04710268510525152,baseline,0.1891393442622951,4.015468414160699
aboutsa,fiscal,0.0561900981900344,baseline,0.08442622950819673,1.502510802217643
aboutsa,education,0.02198442339017832,baseline,0.05717213114754098,2.600574512819972
aboutsa,health,0.07423471723714295,baseline,0.04364754098360655,0.5879666900888758
aboutsa,macro,0.1615057560124414,baseline,0.11741803278688524,0.7270207309381598
aboutsa,trade,0.08086942833796236,baseline,0.06209016393442623,0.7677828965841641
aboutsa,finance,0.15579777762436162,baseline,0.03790983606557377,0.2433271940308212
aboutsa,institutions,0.1038760727108739,baseline,0.13442622950819672,1.2941019620789416
aboutsa,bee,9.974555275685398e-4,baseline,0.05040983606557377,50.538429706691744
aboutsa,other,0.12898323630734626,baseline,0.01598360655737704,0.12392003034635209
za,firms,0.12090073548693454,period_only,0.07702196971261709,0.6370678342228999
za,labour,0.04345842972941027,period_only,0.0463345477491906,1.0661809006374183
za,household,0.04355165068369512,period_only,0.05598279496069267,1.2854345146934123
za,fiscal,0.05808709736764976,period_only,0.05739085347013809,0.9880137943009109
za,education,0.02299637940754591,period_only,0.0186853251843587,0.8125333494118384
za,health,0.0655641227274958,period_only,0.11086281216232856,1.69090666587743
za,macro,0.16374329241175137,period_only,0.17440688863251974,1.0651238659227245
za,trade,0.07318704578739885,period_only,0.06510101981995835,0.8895156119440918
za,finance,0.1646579520748725,period_only,0.20546687841755612,1.2478406042857084
za,institutions,0.11020299339254712,period_only,0.10820135604119584,0.9818368150471072
za,bee,0.00107174653804475,period_only,0.0050957826149378,4.754652741154909
za,other,0.13257855454845444,period_only,0.0754497712345064,0.5690948395951264
aboutsa,firms,0.11498580413341487,period_only,0.07377049180327869,0.6415617332873961
aboutsa,labour,0.04203539479631522,period_only,0.13360655737704918,3.178429940397776
aboutsa,household,0.04023157601788273,period_only,0.1891393442622951,4.701266094527931
aboutsa,fiscal,0.05365286333223743,period_only,0.08442622950819673,1.5735642846384503
aboutsa,education,0.020136845155004,period_only,0.05717213114754098,2.8391801549575764
aboutsa,health,0.0631492499840212,period_only,0.04364754098360655,0.6911806711029947
aboutsa,macro,0.1685579828441736,period_only,0.11741803278688524,0.6966032151407175
aboutsa,trade,0.07769166725440574,period_only,0.06209016393442623,0.799186915774487
aboutsa,finance,0.16949791083498172,period_only,0.03790983606557377,0.22365960665132736
aboutsa,institutions,0.10204443609268764,period_only,0.13442622950819672,1.31733031858882
aboutsa,bee,0.00102151844443938,period_only,0.05040983606557377,49.34794505177931
aboutsa,other,0.14699475132657958,period_only,0.01598360655737704,0.10873589984084618
za,firms,0.1270730620329215,linear_time,0.07702196971261709,0.6061235047020633
za,labour,0.04858528335716104,linear_time,0.0463345477491906,0.9536745398514036
za,household,0.05127872642568484,linear_time,0.05598279496069267,1.091735284062196
za,fiscal,0.0598980375045043,linear_time,0.05739085347013809,0.958142467786567
za,education,0.02469814311263079,linear_time,0.0186853251843587,0.7565477736179653
za,health,0.08014492114656499,linear_time,0.11086281216232856,1.3832793217125794
za,macro,0.15605828840147865,linear_time,0.17440688863251974,1.1175753009916214
za,trade,0.07695301720707384,linear_time,0.06510101981995835,0.8459839806511705
za,finance,0.14898117247305612,linear_time,0.20546687841755612,1.3791466062915814
za,institutions,0.11489491642891804,linear_time,0.10820135604119584,0.9417418925417532
za,bee,0.00110164163028416,linear_time,0.0050957826149378,4.625626405951401
za,other,0.11491997164912364,linear_time,0.0754497712345064,0.6565418538813378
aboutsa,firms,0.12064253028205482,linear_time,0.07377049180327869,0.6114799783360628
aboutsa,labour,0.0458840658201365,linear_time,0.13360655737704918,2.9118290846495807
aboutsa,household,0.04579372389670794,linear_time,0.1891393442622951,4.130245984993855
aboutsa,fiscal,0.05578540650966097,linear_time,0.08442622950819673,1.5134106711864814
aboutsa,education,0.0208153524504175,linear_time,0.05717213114754098,2.7466328655124093
aboutsa,health,0.0761272365152673,linear_time,0.04364754098360655,0.5733498676896416
aboutsa,macro,0.16059139377761222,linear_time,0.11741803278688524,0.7311601825281269
aboutsa,trade,0.07932624066479871,linear_time,0.06209016393442623,0.7827191029610829
aboutsa,finance,0.1478609571722076,linear_time,0.03790983606557377,0.256388412401671
aboutsa,institutions,0.10783985370668224,linear_time,0.13442622950819672,1.2465357183609298
aboutsa,bee,9.694473310768315e-4,linear_time,0.05040983606557377,51.99852993517462
aboutsa,other,0.1346328358256255,linear_time,0.01598360655737704,0.11871997242989656
za,firms,0.14262857454905342,matched_eight,0.07702196971261709,0.5400178046799967
za,labour,0.04354055247842155,matched_eight,0.0463345477491906,1.0641699544844716
za,household,0.03956688371560855,matched_eight,0.05598279496069267,1.414890173385282
za,fiscal,0.04667126270660128,matched_eight,0.05739085347013809,1.2296828956809136
za,education,0.02802701323988717,matched_eight,0.0186853251843587,0.6666898475562975
za,health,0.07211016042718241,matched_eight,0.11086281216232856,1.5374090350870735
za,macro,0.1736342435819939,matched_eight,0.17440688863251974,1.0044498425805102
za,trade,0.08049685512136957,matched_eight,0.06510101981995835,0.8087399156377219
za,finance,0.14041537302362925,matched_eight,0.20546687841755612,1.463279084000154
za,institutions,0.10286195682632296,matched_eight,0.10820135604119584,1.0519083962585718
za,bee,8.704538719016742e-4,matched_eight,0.0050957826149378,5.854167325150823
za,other,0.1291766705076133,matched_eight,0.0754497712345064,0.5840820245483848
aboutsa,firms,0.1295073207104313,matched_eight,0.07377049180327869,0.5696241061787078
aboutsa,labour,0.04050593829024653,matched_eight,0.13360655737704918,3.29844371014658
aboutsa,household,0.03779587950701221,matched_eight,0.1891393442622951,5.004231856205498
aboutsa,fiscal,0.0457505188382975,matched_eight,0.08442622950819673,1.8453611380145485
aboutsa,education,0.02337676563985274,matched_eight,0.05717213114754098,2.445681837613748
aboutsa,health,0.07763349632057977,matched_eight,0.04364754098360655,0.5622256249205677
aboutsa,macro,0.17889173168031983,matched_eight,0.11741803278688524,0.6563636657993321
aboutsa,trade,0.08401513249742751,matched_eight,0.06209016393442623,0.7390354819273467
aboutsa,finance,0.1391732627754686,matched_eight,0.03790983606557377,0.2723930969897183
aboutsa,institutions,0.09924115863491692,matched_eight,0.13442622950819672,1.354541113357178
aboutsa,bee,5.880776104867575e-4,matched_eight,0.05040983606557377,85.71969952035595
aboutsa,other,0.14352071753577986,matched_eight,0.01598360655737704,0.1113679392899657
