subset,label,bin,bin_start,bin_mid,n_articles,n_corpus_articles,per_1000,ci_lo,ci_hi
full,All nineteen journals,1990–94,1990,1992,7,5969,1.1727257497068186,0.5681911902576012,2.41890614753392
full,All nineteen journals,1995–99,1995,1997,21,5538,3.791982665222102,2.4816004204522404,5.790281617553444
full,All nineteen journals,2000–04,2000,2002,33,6343,5.202585527352988,3.707016304330013,7.297112170256362
full,All nineteen journals,2005–09,2005,2007,48,6750,7.111111111111111,5.367970278829109,9.414943923324476
full,All nineteen journals,2010–14,2010,2012,34,7600,4.473684210526316,3.203279702950467,6.244768261983857
full,All nineteen journals,2015–19,2015,2017,44,8645,5.089647194910353,3.7937397292413495,6.82519221187173
full,All nineteen journals,2020–25,2020,2022.5,57,10676,5.339078306481828,4.123508276129775,6.910499979055185
top_five,Top five,1990–94,1990,1992,0,1665,0,0,2.301871636991051
top_five,Top five,1995–99,1995,1997,6,1435,4.181184668989547,1.917640652105887,9.0922303267844
top_five,Top five,2000–04,2000,2002,4,2144,1.8656716417910448,0.7257550414157175,4.787435316310156
top_five,Top five,2005–09,2005,2007,8,2201,3.634711494775102,1.8429108709464803,7.156130189949909
top_five,Top five,2010–14,2010,2012,2,2448,0.8169934640522876,0.2240776748436454,2.9741139506726997
top_five,Top five,2015–19,2015,2017,3,3109,0.9649404953361208,0.3282198978370682,2.833347740889569
top_five,Top five,2020–25,2020,2022.5,3,2665,1.125703564727955,0.3829130026670197,3.3046266929441472
general,Top five and general,1990–94,1990,1992,0,3293,0,-1.0842021724855043e-16,1.1651936766374698
general,Top five and general,1995–99,1995,1997,7,2749,2.5463805020007277,1.2340189345774175,5.247087619352981
general,Top five and general,2000–04,2000,2002,5,3229,1.548467017652524,0.6615882587674476,3.619926624348206
general,Top five and general,2005–09,2005,2007,10,3479,2.874389192296637,1.5620866524239705,5.283317912378401
general,Top five and general,2010–14,2010,2012,5,4021,1.2434717731907483,0.5312501084143713,2.907757107723221
general,Top five and general,2015–19,2015,2017,8,4535,1.7640573318632855,0.8941535107255705,3.4773274058714683
general,Top five and general,2020–25,2020,2022.5,9,4962,1.8137847642079807,0.954550225052182,3.443789714274255
non_dev,Excluding WD and JAE,1990–94,1990,1992,1,5084,0.1966955153422502,0.03472243216328329,1.1133988031332485
non_dev,Excluding WD and JAE,1995–99,1995,1997,9,4640,1.9396551724137931,1.0208137342540369,3.6825033394172886
non_dev,Excluding WD and JAE,2000–04,2000,2002,13,5514,2.3576351106274935,1.378373630361143,4.029802563789969
non_dev,Excluding WD and JAE,2005–09,2005,2007,14,5804,2.412129565816678,1.4374390367526546,4.045055457365245
non_dev,Excluding WD and JAE,2010–14,2010,2012,14,6362,2.200565859792518,1.31132181576124,3.6906027572382456
non_dev,Excluding WD and JAE,2015–19,2015,2017,16,7047,2.270469703419895,1.3980836235866227,3.685204524362867
non_dev,Excluding WD and JAE,2020–25,2020,2022.5,19,8697,2.18466137748649,1.3990949312222152,3.4098030378674653
balanced,Balanced panel,1990–94,1990,1992,7,5969,1.1727257497068186,0.5681911902576012,2.41890614753392
balanced,Balanced panel,1995–99,1995,1997,21,5538,3.791982665222102,2.4816004204522404,5.790281617553444
balanced,Balanced panel,2000–04,2000,2002,33,6208,5.315721649484536,3.787681056029698,7.455596687564453
balanced,Balanced panel,2005–09,2005,2007,47,6280,7.484076433121019,5.633047097858893,9.937278707123513
balanced,Balanced panel,2010–14,2010,2012,33,6929,4.762592004618271,3.3933268598353097,6.680675154423135
balanced,Balanced panel,2015–19,2015,2017,40,8050,4.968944099378882,3.651347659740636,6.7587726846162335
balanced,Balanced panel,2020–25,2020,2022.5,53,9757,5.431997540227529,4.155557705061816,7.097719923111563
