"frame","start_year","end_year","observed_years","n"
1,1730,1739,"1738;1739",945
2,1740,1749,"1740;1741;1742;1743;1744;1745;1746;1748;1749",4905
3,1750,1759,"1750;1751;1752;1753;1754;1755;1756;1757;1758;1759",5950
4,1760,1769,"1760;1761;1762;1763;1764;1765;1766;1767;1768;1769",7616
5,1770,1779,"1770;1772;1773;1775;1776;1777;1778;1779",8105
6,1780,1789,"1780;1784;1788;1789",5336
7,1790,1799,"1791;1792;1793;1794;1795",6993
8,1800,1809,"1804;1805;1806;1809",5034
9,1810,1819,"1811;1812;1813;1814;1816;1817;1818;1819",9148
10,1820,1829,"1820;1821;1822;1824;1825",6490
