"variable","angle_reference","aligned_lower","aligned_upper","axis_lower","axis_upper","resamples","unit","coordinates"
"slave_men",21.9705718808572,19.4777806360733,24.3959142779678,19.8460557794998,23.9653063893537,500,"household history","row-principal V"
"slave_women",27.7392204935644,24.3609403656301,31.1027596722311,24.6033829630284,30.6959683575972,500,"household history","row-principal V"
"khoe_total",-18.6370472143119,-23.9544913653176,-13.3739556875057,-23.9507508703305,-12.8859011405322,500,"household history","row-principal V"
"cattle_total",-8.86608508765858,-10.5760230949839,-6.94000865006515,-10.4263279948354,-7.39372150378287,500,"household history","row-principal V"
"horses_total",-32.0125185791652,-33.1439508625626,-30.8208065826288,-33.5182246903657,-30.663373110774,500,"household history","row-principal V"
"sheep_total",-41.5603574138244,-43.1774894783401,-39.9362558314469,-43.6005395924605,-39.679023564697,500,"household history","row-principal V"
"vines",60.0103156377984,59.238787544974,60.6502388831743,58.2881507136336,61.4027593507029,500,"household history","row-principal V"
"wine",59.8810393448741,59.3434440940538,60.3978740423153,58.434986900536,61.2745531560215,500,"household history","row-principal V"
"brandy",58.3799941916007,57.6614678627054,59.0399560367614,56.8481426380843,59.8344140598928,500,"household history","row-principal V"
"wheat_vol",-51.1198978117436,-52.3174558208563,-49.7948497598285,-52.895382974737,-49.2709896104877,500,"household history","row-principal V"
"grain_other",-57.4137694215575,-58.505499170466,-56.3385588476388,-59.2813230337605,-55.5890852820072,500,"household history","row-principal V"
"wagons",1.2486212409144,-0.515247597582621,3.29353365443545,-0.0752077481820429,2.82312673546798,500,"household history","row-principal V"
"goats",-43.4411572165355,-45.8727234300643,-41.1209095184123,-46.3590639627695,-41.1130164861911,500,"household history","row-principal V"
