"r","k","cumulative_variance","ari_to_full","retained_rule"
2,3,0.701458382875956,0.762142656997798,"full rank reference; projected fits sensitivity only"
3,3,0.760959134223907,0.761194804299495,"full rank reference; projected fits sensitivity only"
4,3,0.813018522004819,0.760153020293679,"full rank reference; projected fits sensitivity only"
5,3,0.857614398032309,0.759134859049811,"full rank reference; projected fits sensitivity only"
6,2,0.892263276806098,0.998269690212014,"full rank reference; projected fits sensitivity only"
7,2,0.918151371655591,0.998654064248592,"full rank reference; projected fits sensitivity only"
8,2,0.93903726695213,0.999230780490847,"full rank reference; projected fits sensitivity only"
9,2,0.954985985264615,0.99903851784959,"full rank reference; projected fits sensitivity only"
10,2,0.970499845019003,0.99903851784959,"full rank reference; projected fits sensitivity only"
11,2,0.985002258317532,0.999807669779913,"full rank reference; projected fits sensitivity only"
12,2,0.997355440108565,0.999807669779913,"full rank reference; projected fits sensitivity only"
13,2,1,1,"full rank reference; projected fits sensitivity only"
