"path","type","width_in","height_in","dpi"
"output/figures/fig1_availability.pdf","pdf",6.5,4.42,NA
"output/figures/fig1_availability.png","png",6.5,4.42,300
"output/figures/fig2_D_biplot.pdf","pdf",6.5,6.5,NA
"output/figures/fig2_D_biplot.png","png",6.5,6.5,300
"output/figures/fig3_temporal.pdf","pdf",6.5,3.8,NA
"output/figures/fig3_temporal.png","png",6.5,3.8,300
"output/figures/fig3_temporal.gif","gif",6.5,6.5,120
"output/figures/fig4_transformations.pdf","pdf",6.5,3.4,NA
"output/figures/fig4_transformations.png","png",6.5,3.4,300
"output/figures/fig5_distribution.pdf","pdf",6.5,4,NA
"output/figures/fig5_distribution.png","png",6.5,4,300
"output/figures/figA1_colony_biplot.pdf","pdf",6.5,6.5,NA
"output/figures/figA1_colony_biplot.png","png",6.5,6.5,300
"output/figures/figA2_cva.pdf","pdf",6.5,5.5,NA
"output/figures/figA2_cva.png","png",6.5,5.5,300
"output/figures/figA3_nonlinear.pdf","pdf",6.5,6.6,NA
"output/figures/figA3_nonlinear.png","png",6.5,6.6,300
