"specification","method","parameter","seed","n","neighbors_evaluated","neighbor_overlap","profile_rmse","same_cluster_neighbor_share"
"PCA2","PCA",2,20260908,2000,15,0.245933333333333,0.493337440463241,0.983033333333333
"tsne_15_20260914","t-SNE",15,20260914,2000,15,0.500066666666667,0.361525249575449,0.954066666666667
"tsne_40_20260914","t-SNE",40,20260914,2000,15,0.505566666666667,0.36536497319684,0.949166666666667
"umap_15_20260914","UMAP",15,20260914,2000,15,0.456033333333333,0.383022582769902,0.9543
"umap_40_20260914","UMAP",40,20260914,2000,15,0.4127,0.398168588879908,0.9603
"tsne_15_20260915","t-SNE",15,20260915,2000,15,0.500233333333333,0.361619217985207,0.953166666666667
"tsne_40_20260915","t-SNE",40,20260915,2000,15,0.509433333333333,0.362405357126386,0.953566666666667
"umap_15_20260915","UMAP",15,20260915,2000,15,0.453666666666667,0.386289273893235,0.953933333333333
"umap_40_20260915","UMAP",40,20260915,2000,15,0.4219,0.396784854691214,0.954733333333333
"kernel_rbf_0.5","Kernel PCA (RBF)",0.5,20260908,2000,15,0.211333333333333,0.549599719251271,0.976533333333333
"kernel_rbf_1","Kernel PCA (RBF)",1,20260908,2000,15,0.228633333333333,0.506952179843124,0.981766666666667
"kernel_rbf_2","Kernel PCA (RBF)",2,20260908,2000,15,0.243066666666667,0.493775616903099,0.982966666666667
