"period","n","households","fit_fixed_2D","fit_separate_2D","max_angle","equal_subsample_n"
"1730",945,648,0.619715757587608,0.709399132785071,49.8154564998169,500
"1740",4905,1917,0.665218368010892,0.726808569575817,43.5701320654672,500
"1750",5950,1929,0.665331651516747,0.692834289758917,34.3402465775413,500
"1760",7616,2532,0.646713141158496,0.654829333234971,29.5639438938734,500
"1770",8105,2962,0.629043330762449,0.65251518237326,26.6231697517297,500
"1780",5336,2954,0.66024121671832,0.644152073611878,22.6217257370657,500
"1790",6993,2908,0.698718249471814,0.651622287412192,14.5890628022183,500
"1800",5034,3524,0.723313549396157,0.757577192326314,9.22501701011736,500
"1810",9148,3678,0.737739944559661,0.786791347536725,16.7887289201276,500
"1820",6490,2774,0.727616339342422,0.773477851656404,17.9481320299041,500
