"decade","full_n","sample_n","full_hull_area","sample_hull_area","full_central90_area","sample_central90_area","sampled_hull_share","sampled_central90_ratio"
1730,945,500,29.5147873192909,28.098725873502,17.5488343009597,16.11804818795,0.952021966803626,0.918468310289334
1740,4905,500,45.1368870392655,32.9443802949194,21.8021366309147,19.8414519791126,0.729877101765136,0.910069151249057
1750,5950,500,39.671805317364,28.5624179832646,20.0666918381335,15.4342650964566,0.719967688759632,0.769148458597762
1760,7616,500,52.2668143483798,34.1611655188458,17.5024557119431,14.4895536957656,0.65359188128719,0.827858326524915
1770,8105,500,47.1369127631074,31.5315390970161,19.3626013809509,15.8004310952681,0.668935177309592,0.816028321009218
1780,5336,500,44.1644936593548,30.0543671673688,16.5431901963964,13.3518041514596,0.680509718942577,0.807087628985125
1790,6993,500,38.4168477697022,26.5143536966678,16.7554195563092,14.2208145017762,0.690175150642593,0.848729239753438
1800,5034,500,56.051929446585,41.8921854074648,34.1217229244436,29.3039531931743,0.74738168375428,0.858806375576717
1810,9148,500,56.7195899860804,43.5157709113845,32.6868511485666,30.3094943821742,0.767208841285061,0.927268712560077
1820,6490,500,61.2608614880611,50.9447369113829,30.3262119531163,29.3543354731088,0.831603338149454,0.967952592248908
