"specification","n","p","pc1","pc2","fit_2D","residual_2D","household_fit_p10","household_fit_median","household_fit_p90","reconstruction_error","max_angle","rms_angle","projection_distance","score_distance_rank_correlation"
"levels",20913,13,0.359789515253341,0.136919800381587,0.496709315634927,0.503290684365073,0.296597253651058,0.790321781240349,0.983699900432209,3.50681041900343e-15,26.2174203976116,20.1977472545064,0.683837609080005,0.898946784882178
"log1p",20913,13,0.515834782446002,0.185623600429954,0.701458382875956,0.298541617124044,0.252363856680896,0.716595547127691,0.972974057721602,1.03364903370907e-15,0,0,0,1
"asinh",20913,13,0.51413899538003,0.183225659056133,0.697364654436163,0.302635345563837,0.247320103628509,0.713786915009284,0.971608690280792,1.22837650095694e-15,0.674208672323128,0.506963815899861,0.0176960082290164,0.999316858426618
"log_c001",20913,13,0.472072272103281,0.180498128642276,0.652570400745557,0.347429599254443,0.216379072243273,0.662766659530837,0.911045491145952,1.96367289289145e-15,4.88744024602075,4.39515332974593,0.15326096494244,0.939008022085642
"log_c01",20913,13,0.49350882860514,0.182476118195338,0.675984946800478,0.324015053199522,0.228991335435926,0.678222396560225,0.941461633320808,2.71324991207375e-15,3.18466514148843,2.67365932380237,0.0932885117590439,0.975539938251267
"log_c1",20913,13,0.515834782446002,0.185623600429954,0.701458382875956,0.298541617124044,0.252363856680896,0.716595547127691,0.972974057721602,1.03364903370907e-15,0,0,0,1
"covariance_log1p",20913,13,0.609596631686112,0.238285601405376,0.847882233091487,0.152117766908513,0.578435908180262,0.896968735978281,0.983453551262054,1.58265758398589e-15,44.7840254424512,33.8387860411897,1.07742712186757,0.877548189308731
"units_naive_log1p",20913,13,0.519032592942362,0.18782280826965,0.706855401212012,0.293144598787988,0.250193923747413,0.724830947591192,0.971922887257435,2.69394779410426e-15,0.699590146572161,0.533181533550093,0.0186111380483439,0.999078843275242
"units_equivalent_log",20913,13,0.515834782446002,0.185623600429954,0.701458382875956,0.298541617124044,0.252363856680896,0.716595547127691,0.972974057721602,2.47429737444108e-15,0,0,0,1
"units_naive_asinh",20913,13,0.517079517897288,0.185184794645202,0.70226431254249,0.29773568745751,0.246675352044634,0.720459173913099,0.970603179514171,9.35905905491003e-16,0.812371894659932,0.651815725569096,0.0227520200272667,0.998730897490028
