"specification","variable","predictivity_PC1","predictivity_PC2","predictivity_2D","reconstruction_rmse"
"D","slave_men",0.659733054635362,0.0386389045567901,0.698371959192152,0.549206737766235
"D","slave_women",0.442952864975755,0.0440820801005597,0.487034945076314,0.716215787960397
"D","khoe_total",0.33446301973836,0.0136896721495976,0.348152691887958,0.807370613852179
"D","cattle_total",0.739885602444414,0.00647854552530602,0.74636414796972,0.503622727873159
"D","horses_total",0.651154100456003,0.0915813514416486,0.742735451897652,0.507212527548829
"D","sheep_total",0.530529044419445,0.150069385310713,0.680598429730158,0.565156235274673
"D","vines",0.402201077562915,0.434558491634847,0.836759569197762,0.404030235009985
"D","wine",0.448403759757506,0.47946094780224,0.927864707559746,0.268580141559293
"D","brandy",0.437106562739205,0.414946405740596,0.852052968479801,0.384638832569141
"D","wheat_vol",0.483580464517756,0.267652322013843,0.751232786531598,0.49876568994694
"D","grain_other",0.386193449482272,0.340149692201082,0.726343141683354,0.523122221203142
"D","wagons",0.781672193651749,0.000133629062660816,0.78180582271441,0.467112595939865
"D","goats",0.407976977417471,0.131665378049595,0.539642355467065,0.678496606132239
"B","slaves_total",0.715008753152953,0.00250599572260002,0.717514748875553,0.531493415880495
"B","cattle_total",0.539352011952104,0.21002656385721,0.749378575809314,0.500621038502006
"B","horses_total",0.596327537238313,0.00714170685858917,0.603469244096902,0.629706880939916
"B","sheep_total",0.340655830748487,0.4414648599238,0.782120690672287,0.466775437793654
"B","vines",0.519178604483101,0.392675566799719,0.91185417128282,0.296893631991896
"B","wine",0.519041851378052,0.390835621407015,0.909877472785066,0.300204142567575
"B","wheat_vol",0.443581747928822,0.031556855219102,0.475138603147924,0.72447318573715
"B","grain_other",0.179566369396706,0.00734157647197054,0.186907945868676,0.901716171603579
"bridge","slaves_total",0.656872678546012,0.0298497911323177,0.68672246967833,0.559712006590557
"bridge","cattle_total",0.585076711096275,0.0491400483457344,0.634216759442009,0.604800165805148
"bridge","horses_total",0.650098106639643,0.0277882018073744,0.677886308447017,0.567550607041389
"bridge","sheep_total",0.316638409532446,0.213955368094511,0.530593777626957,0.685132266335107
"bridge","vines",0.454756246316411,0.468821579346998,0.923577825663409,0.276445608278937
"bridge","wine",0.462282677897309,0.470059413368575,0.932342091265884,0.260111339111945
"bridge","wheat_vol",0.510607665857525,0.14138106057175,0.651988726429275,0.589924803318714
"bridge","grain_other",0.316400031078746,0.174521498666109,0.490921529744855,0.713497351260092
"colony","total_slaves",0.382631239153033,0.227312580885055,0.609943820038088,0.624544778188018
"colony","total_khoe",0.400295686524622,0.0449061709169872,0.44520185744161,0.744847731122533
"colony","horses",0.690585465976284,0.0144797929520741,0.705065258928359,0.543078945524182
"colony","cattle",0.572777765543325,0.0686339977088479,0.641411763252173,0.598822374955901
"colony","sheep",0.371092618371912,0.246209303408276,0.617301921780189,0.61862595986577
"colony","goats",0.390718061719132,0.11159373352619,0.502311795245322,0.705470201181234
"colony","wheat_reaped",0.574141835546207,0.000124965300082728,0.57426680084629,0.65248233627719
"colony","grain_other_reaped",0.526282629944013,0.00678800577724423,0.533070635721257,0.683322298976648
"colony","wine",0.134589778761045,0.65380745719485,0.788397235955896,0.460003004385628
"colony","brandy",0.159924735770598,0.564884266215467,0.724809001986064,0.524586501936293
